{
  "project_info": {
    "project_number": "483077755908",
    "firebase_url": "https://life-9cca8.firebaseio.com",
    "project_id": "life-9cca8",
    "storage_bucket": "life-9cca8.appspot.com"
  },
  "client": [
    {
      "client_info": {
        "mobilesdk_app_id": "1:483077755908:android:4b158001f0cdffff",
        "android_client_info": {
          "package_name": "edu.somaiya.life"
        }
      },
      "oauth_client": [
        {
          "client_id": "483077755908-trdkvbqka52p4og060hoo36qi0l29srr.apps.googleusercontent.com",
          "client_type": 3
        }
      ],
      "api_key": [
        {
          "current_key": "AIzaSyDAP1vfCiyi745wHZo3Y6hXlSTIEHy_-1Y"
        }
      ],
      "services": {
        "analytics_service": {
          "status": 1
        },
        "appinvite_service": {
          "status": 1,
          "other_platform_oauth_client": []
        },
        "ads_service": {
          "status": 2
        }
      }
    }
  ],
  "configuration_version": "1"
}