{
  "project_info": {
    "project_number": "906884594926",
    "firebase_url": "https://life-dda0d.firebaseio.com",
    "project_id": "life-dda0d",
    "storage_bucket": "life-dda0d.appspot.com"
  },
  "client": [
    {
      "client_info": {
        "mobilesdk_app_id": "1:906884594926:android:4b158001f0cdffff",
        "android_client_info": {
          "package_name": "edu.somaiya.life"
        }
      },
      "oauth_client": [
        {
          "client_id": "906884594926-jnfh4kb6pn433bjjc3i7ia6c1uo2p3rk.apps.googleusercontent.com",
          "client_type": 1,
          "android_info": {
            "package_name": "edu.somaiya.life",
            "certificate_hash": "fc315fd5f3655d5848c76944c4dcfb1c77f9d0c8"
          }
        },
        {
          "client_id": "906884594926-mp1oqebif1qvj18brtbisk3fodpm5lqa.apps.googleusercontent.com",
          "client_type": 3
        }
      ],
      "api_key": [
        {
          "current_key": "AIzaSyBBk9v1AlcnS2YziABoyq2BxFLheGevjXk"
        }
      ],
      "services": {
        "analytics_service": {
          "status": 1
        },
        "appinvite_service": {
          "status": 2,
          "other_platform_oauth_client": [
            {
              "client_id": "906884594926-mp1oqebif1qvj18brtbisk3fodpm5lqa.apps.googleusercontent.com",
              "client_type": 3
            }
          ]
        },
        "ads_service": {
          "status": 2
        }
      }
    }
  ],
  "configuration_version": "1"
}